	#Beispieldaten für go2dhbw Projekt

	#Admins / Defaults				
	INSERT INTO go2dhbw.benutzer (account_id,email,passwort) VALUES(0,'admin@go2dhbw.de','admin');
	INSERT INTO go2dhbw.benutzer (account_id,email,passwort) VALUES(1,'bewerber@go2dhbw.de','bewerber');
	INSERT INTO go2dhbw.benutzer (account_id,email,passwort) VALUES(2,'firma@go2dhbw.de','firma');
	
	#Benutzer
	INSERT INTO go2dhbw.benutzer (account_id,email,passwort) VALUES(1,'ChristianSchneider@freenet.de','34846938');
	INSERT INTO go2dhbw.benutzer (account_id,email,passwort) VALUES(1,'SabineMusterfrau@t-online.de','73140721');
	INSERT INTO go2dhbw.benutzer (account_id,email,passwort) VALUES(1,'JessicaWeber@freenet.de','34438062');
	INSERT INTO go2dhbw.benutzer (account_id,email,passwort) VALUES(1,'MaxMusterfrau@googlemail.com','76973265');
	INSERT INTO go2dhbw.benutzer (account_id,email,passwort) VALUES(1,'PhilMaier@freenet.de','30812277');
	INSERT INTO go2dhbw.benutzer (account_id,email,passwort) VALUES(1,'LauraWeber@t-online.de','89486552');
	INSERT INTO go2dhbw.benutzer (account_id,email,passwort) VALUES(1,'MichaelMusterfrau@freenet.de','55333055');
	INSERT INTO go2dhbw.benutzer (account_id,email,passwort) VALUES(1,'JessicaMueller@freenet.de','64886643');
	INSERT INTO go2dhbw.benutzer (account_id,email,passwort) VALUES(1,'SophiaSchmitt@freenet.de','93588913');
	INSERT INTO go2dhbw.benutzer (account_id,email,passwort) VALUES(1,'RamonaMustermann@googlemail.com','29992418');
	INSERT INTO go2dhbw.benutzer (account_id,email,passwort) VALUES(1,'DanielMaier@web.de','35250665');
	INSERT INTO go2dhbw.benutzer (account_id,email,passwort) VALUES(1,'MariusSchneider@googlemail.com','56192915');
	INSERT INTO go2dhbw.benutzer (account_id,email,passwort) VALUES(1,'MichaelWagner@web.de','37388112');
	INSERT INTO go2dhbw.benutzer (account_id,email,passwort) VALUES(1,'SabineFischer@gmx.net','87804508');
	INSERT INTO go2dhbw.benutzer (account_id,email,passwort) VALUES(1,'KathrinSchmitt@freenet.de','93470748');
	INSERT INTO go2dhbw.benutzer (account_id,email,passwort) VALUES(1,'LisaSchmitt@gmx.net','29940045');
	INSERT INTO go2dhbw.benutzer (account_id,email,passwort) VALUES(1,'MaxSchmitt@web.de','22852107');
	INSERT INTO go2dhbw.benutzer (account_id,email,passwort) VALUES(1,'LukasFischer@gmx.net','24477057');
	INSERT INTO go2dhbw.benutzer (account_id,email,passwort) VALUES(1,'MichaelWeber@freenet.de','21612358');
	INSERT INTO go2dhbw.benutzer (account_id,email,passwort) VALUES(1,'LisaFischer@web.de','68487136');
	INSERT INTO go2dhbw.benutzer (account_id,email,passwort) VALUES(1,'MarieWeber@web.de','42508744');
	INSERT INTO go2dhbw.benutzer (account_id,email,passwort) VALUES(1,'MarieSchmitt@freenet.de','52563603');
	INSERT INTO go2dhbw.benutzer (account_id,email,passwort) VALUES(1,'MariusWagner@freenet.de','92958503');
	INSERT INTO go2dhbw.benutzer (account_id,email,passwort) VALUES(1,'SophiaMaier@web.de','22759562');
	INSERT INTO go2dhbw.benutzer (account_id,email,passwort) VALUES(1,'SophiaSchmitt@t-online.de','68453845');
	INSERT INTO go2dhbw.benutzer (account_id,email,passwort) VALUES(1,'SabineWeber@googlemail.com','95223476');
	INSERT INTO go2dhbw.benutzer (account_id,email,passwort) VALUES(1,'MartinSchmitt@googlemail.com','61483627');
	INSERT INTO go2dhbw.benutzer (account_id,email,passwort) VALUES(1,'RamonaSchmitt@googlemail.com','13111310');
	INSERT INTO go2dhbw.benutzer (account_id,email,passwort) VALUES(1,'MaxMueller@t-online.de','70193522');
	INSERT INTO go2dhbw.benutzer (account_id,email,passwort) VALUES(1,'LisaMusterfrau@gmx.net','96833827');
	INSERT INTO go2dhbw.benutzer (account_id,email,passwort) VALUES(1,'MarieWeber@gmx.net','65125642');
	INSERT INTO go2dhbw.benutzer (account_id,email,passwort) VALUES(1,'MarieSchmitt@web.de','52520959');
	INSERT INTO go2dhbw.benutzer (account_id,email,passwort) VALUES(1,'LukasSchmitt@gmx.net','49275076');
	INSERT INTO go2dhbw.benutzer (account_id,email,passwort) VALUES(1,'LukasMusterfrau@freenet.de','8909823');
	INSERT INTO go2dhbw.benutzer (account_id,email,passwort) VALUES(1,'PhilWeber@freenet.de','86260778');
	INSERT INTO go2dhbw.benutzer (account_id,email,passwort) VALUES(1,'MaxWagner@web.de','63404108');
	INSERT INTO go2dhbw.benutzer (account_id,email,passwort) VALUES(1,'PhilSchneider@googlemail.com','43586134');
	INSERT INTO go2dhbw.benutzer (account_id,email,passwort) VALUES(1,'JessicaMaier@web.de','8802636');
	INSERT INTO go2dhbw.benutzer (account_id,email,passwort) VALUES(1,'MichaelWeber@gmx.net','71596112');
	INSERT INTO go2dhbw.benutzer (account_id,email,passwort) VALUES(1,'MichaelSchmitt@freenet.de','22156875');
	INSERT INTO go2dhbw.benutzer (account_id,email,passwort) VALUES(1,'SophiaFischer@gmx.net','63928800');
	INSERT INTO go2dhbw.benutzer (account_id,email,passwort) VALUES(1,'KathrinMaier@web.de','59032017');
	INSERT INTO go2dhbw.benutzer (account_id,email,passwort) VALUES(1,'ChristianWeber@freenet.de','17121215');
	INSERT INTO go2dhbw.benutzer (account_id,email,passwort) VALUES(1,'PhilMueller@web.de','6721944');
	INSERT INTO go2dhbw.benutzer (account_id,email,passwort) VALUES(1,'MaxWagner@freenet.de','60837606');
	INSERT INTO go2dhbw.benutzer (account_id,email,passwort) VALUES(1,'SophiaSchneider@googlemail.com','70476418');
	INSERT INTO go2dhbw.benutzer (account_id,email,passwort) VALUES(1,'RamonaWeber@freenet.de','23983706');
	INSERT INTO go2dhbw.benutzer (account_id,email,passwort) VALUES(1,'PhilWeber@web.de','14849096');
	INSERT INTO go2dhbw.benutzer (account_id,email,passwort) VALUES(1,'MarieWeber@t-online.de','29372824');
	INSERT INTO go2dhbw.benutzer (account_id,email,passwort) VALUES(1,'MartinMustermann@web.de','9767512');
	INSERT INTO go2dhbw.benutzer (account_id,email,passwort) VALUES(1,'LisaMusterfrau@freenet.de','93652056');
	INSERT INTO go2dhbw.benutzer (account_id,email,passwort) VALUES(1,'LisaSchmitt@googlemail.com','64671577');
	INSERT INTO go2dhbw.benutzer (account_id,email,passwort) VALUES(1,'MariusSchmitt@gmx.net','7051505');
	INSERT INTO go2dhbw.benutzer (account_id,email,passwort) VALUES(1,'SabineMueller@freenet.de','50164815');
	INSERT INTO go2dhbw.benutzer (account_id,email,passwort) VALUES(1,'ChristianMusterfrau@gmx.net','3559341');
	INSERT INTO go2dhbw.benutzer (account_id,email,passwort) VALUES(1,'LukasMustermann@googlemail.com','27956870');
	INSERT INTO go2dhbw.benutzer (account_id,email,passwort) VALUES(1,'PhilMaier@gmx.net','64697256');
	INSERT INTO go2dhbw.benutzer (account_id,email,passwort) VALUES(1,'PatrickWagner@web.de','43459363');
	INSERT INTO go2dhbw.benutzer (account_id,email,passwort) VALUES(1,'MaxSchneider@web.de','20746001');
	INSERT INTO go2dhbw.benutzer (account_id,email,passwort) VALUES(1,'LauraWagner@gmx.net','58872220');
	INSERT INTO go2dhbw.benutzer (account_id,email,passwort) VALUES(1,'KathrinMueller@t-online.de','40845547');
	INSERT INTO go2dhbw.benutzer (account_id,email,passwort) VALUES(1,'ChristianSchmitt@freenet.de','30272595');
	INSERT INTO go2dhbw.benutzer (account_id,email,passwort) VALUES(1,'SabineWeber@gmx.net','29469531');
	INSERT INTO go2dhbw.benutzer (account_id,email,passwort) VALUES(1,'SophiaMueller@web.de','57293467');
	INSERT INTO go2dhbw.benutzer (account_id,email,passwort) VALUES(1,'SarahSchmitt@t-online.de','68148553');
	INSERT INTO go2dhbw.benutzer (account_id,email,passwort) VALUES(1,'PatrickMusterfrau@gmx.net','59454048');
	INSERT INTO go2dhbw.benutzer (account_id,email,passwort) VALUES(1,'LauraMusterfrau@googlemail.com','70291957');
	INSERT INTO go2dhbw.benutzer (account_id,email,passwort) VALUES(1,'MichaelMaier@freenet.de','56579110');
	INSERT INTO go2dhbw.benutzer (account_id,email,passwort) VALUES(1,'RamonaSchneider@freenet.de','38732712');
	INSERT INTO go2dhbw.benutzer (account_id,email,passwort) VALUES(1,'Null@freenet.de','38732712');

	#Firmenlogins
	INSERT INTO go2dhbw.benutzer (account_id,email,passwort) VALUES(2,'MichaelMueller@mpdv.de','66528558');
	INSERT INTO go2dhbw.benutzer (account_id,email,passwort) VALUES(2,'DanielMusterfrau@mpdv.de','54445814');
	INSERT INTO go2dhbw.benutzer (account_id,email,passwort) VALUES(2,'PhilSchmitt@mapple.com','89613745');
	INSERT INTO go2dhbw.benutzer (account_id,email,passwort) VALUES(2,'MartinFischer@gaagle.de','72635398');
	INSERT INTO go2dhbw.benutzer (account_id,email,passwort) VALUES(2,'SabineSchneider@mapple.com','37526404');
	INSERT INTO go2dhbw.benutzer (account_id,email,passwort) VALUES(2,'MartinMusterfrau@mapple.com','97603749');
	INSERT INTO go2dhbw.benutzer (account_id,email,passwort) VALUES(2,'KathrinSchneider@mpdv.de','3836853');
	INSERT INTO go2dhbw.benutzer (account_id,email,passwort) VALUES(2,'MaxMustermann@kivbf.de','6964190');
	INSERT INTO go2dhbw.benutzer (account_id,email,passwort) VALUES(2,'ChristianMustermann@ccf.de','13232418');
	INSERT INTO go2dhbw.benutzer (account_id,email,passwort) VALUES(2,'RamonaMaier@gaagle.de','89515805');
	INSERT INTO go2dhbw.benutzer (account_id,email,passwort) VALUES(2,'SophiaMustermann@kivbf.de','29021161');
	INSERT INTO go2dhbw.benutzer (account_id,email,passwort) VALUES(2,'RamonaMusterfrau@mpdv.de','12678024');
	INSERT INTO go2dhbw.benutzer (account_id,email,passwort) VALUES(2,'KathrinWagner@kivbf.de','12055078');
	INSERT INTO go2dhbw.benutzer (account_id,email,passwort) VALUES(2,'SabineWeber@gaagle.de','59632023');
	INSERT INTO go2dhbw.benutzer (account_id,email,passwort) VALUES(2,'MartinMueller@mpdv.de','78291139');
	INSERT INTO go2dhbw.benutzer (account_id,email,passwort) VALUES(2,'LukasSchneider@ccf.de','574742');
	INSERT INTO go2dhbw.benutzer (account_id,email,passwort) VALUES(2,'SophiaMusterfrau@ccf.de','27983512');
	INSERT INTO go2dhbw.benutzer (account_id,email,passwort) VALUES(2,'PhilMusterfrau@mpdv.de','41975353');
	INSERT INTO go2dhbw.benutzer (account_id,email,passwort) VALUES(2,'LisaMusterfrau@ccf.de','22427423');
	INSERT INTO go2dhbw.benutzer (account_id,email,passwort) VALUES(2,'SabineMaier@mapple.com','69833495');
	INSERT INTO go2dhbw.benutzer (account_id,email,passwort) VALUES(2,'LukasWagner@gaagle.de','21715473');
	INSERT INTO go2dhbw.benutzer (account_id,email,passwort) VALUES(2,'MarieMustermann@mpdv.de','54944432');
	INSERT INTO go2dhbw.benutzer (account_id,email,passwort) VALUES(2,'LisaMueller@ccf.de','20188692');
	INSERT INTO go2dhbw.benutzer (account_id,email,passwort) VALUES(2,'LukasFischer@mpdv.de','69764919');
	INSERT INTO go2dhbw.benutzer (account_id,email,passwort) VALUES(2,'MartinFischer@mapple.com','16835794');
	INSERT INTO go2dhbw.benutzer (account_id,email,passwort) VALUES(2,'SophiaFischer@mpdv.de','58795557');
	INSERT INTO go2dhbw.benutzer (account_id,email,passwort) VALUES(2,'ChristianFischer@mpdv.de','81328977');
	INSERT INTO go2dhbw.benutzer (account_id,email,passwort) VALUES(2,'JessicaFischer@mpdv.de','20130502');
	INSERT INTO go2dhbw.benutzer (account_id,email,passwort) VALUES(2,'SabineWeber@kivbf.de','7533394');

	#Studiengänge
	INSERT INTO go2dhbw.studiengang (bezeichnung) VALUE('Wirtschaftsinformatik');
	INSERT INTO go2dhbw.studiengang (bezeichnung) VALUE('Maschinenbau');
	INSERT INTO go2dhbw.studiengang (bezeichnung) VALUE('Elektrotechnik');
	INSERT INTO go2dhbw.studiengang (bezeichnung) VALUE('Mechatronik-Elektromobilität');
	INSERT INTO go2dhbw.studiengang (bezeichnung) VALUE('Wirtschaftsingenieurwesen');
	INSERT INTO go2dhbw.studiengang (bezeichnung) VALUE('Handel');
	INSERT INTO go2dhbw.studiengang (bezeichnung) VALUE('Onlinemedien');
	INSERT INTO go2dhbw.studiengang (bezeichnung) VALUE('BWL-Industrie');
	INSERT INTO go2dhbw.studiengang (bezeichnung) VALUE('BWL-Handel');
	INSERT INTO go2dhbw.studiengang (bezeichnung) VALUE('Angewandte Informatik');
	INSERT INTO go2dhbw.studiengang (bezeichnung) VALUE('Bauwesen-Fassadentechnik');
	INSERT INTO go2dhbw.studiengang (bezeichnung) VALUE('Bauwesen-Projektmanagement');
	INSERT INTO go2dhbw.studiengang (bezeichnung) VALUE('Holztechnik');
	
	#Ansprechpartner
	INSERT INTO go2dhbw.ansprechpartner (name,email,telefonnummer) VALUES('Max Meier','MaxMeier@fujitsu.com','41278907');
	INSERT INTO go2dhbw.ansprechpartner (name,email,telefonnummer) VALUES('Marius Schneider','MariusSchneider@gaagle.de','41278908');
	INSERT INTO go2dhbw.ansprechpartner (name,email,telefonnummer) VALUES('Jessica Maier','JessicaMaier@mpdv.de','61105768');
	INSERT INTO go2dhbw.ansprechpartner (name,email,telefonnummer) VALUES('Daniel Mueller','DanielMueller@gaagle.de','57876313');
	INSERT INTO go2dhbw.ansprechpartner (name,email,telefonnummer) VALUES('Martin Schneider','MartinSchneider@mapple.com','41087533');
	INSERT INTO go2dhbw.ansprechpartner (name,email,telefonnummer) VALUES('Sabine Weber','SabineWeber@mapple.com','59616683');
	INSERT INTO go2dhbw.ansprechpartner (name,email,telefonnummer) VALUES('Martin Wagner','MartinWagner@ccf.de','24944763');
	INSERT INTO go2dhbw.ansprechpartner (name,email,telefonnummer) VALUES('Sabine Wagner','SabineWagner@mapple.com','17596547');
	INSERT INTO go2dhbw.ansprechpartner (name,email,telefonnummer) VALUES('Martin Schmitt','MartinSchmitt@ccf.de','98446087');
	INSERT INTO go2dhbw.ansprechpartner (name,email,telefonnummer) VALUES('Jessica Wagner','JessicaWagner@gaagle.de','40161064');
	INSERT INTO go2dhbw.ansprechpartner (name,email,telefonnummer) VALUES('Sarah Schneider','SarahSchneider@mapple.com','4093292');
	INSERT INTO go2dhbw.ansprechpartner (name,email,telefonnummer) VALUES('Kathrin Mueller','KathrinMueller@ccf.de','17365911');
	INSERT INTO go2dhbw.ansprechpartner (name,email,telefonnummer) VALUES('Lukas Fischer','LukasFischer@gaagle.de','42860447');
	INSERT INTO go2dhbw.ansprechpartner (name,email,telefonnummer) VALUES('Max Musterfrau','MaxMusterfrau@mapple.com','94668945');
	INSERT INTO go2dhbw.ansprechpartner (name,email,telefonnummer) VALUES('Max Wagner','MaxWagner@kivbf.de','24547746');
	INSERT INTO go2dhbw.ansprechpartner (name,email,telefonnummer) VALUES('Marie Mustermann','MarieMustermann@mapple.com','92190276');

	#Firmenprofil
	INSERT INTO go2dhbw.firmenprofil (name,logo,website) VALUES('Fujitsu',LOAD_FILE('C:/Users/Public/Pictures/fujitsu_logo.gif'),'http://www.fujitsu.com');
	INSERT INTO go2dhbw.firmenprofil (name,logo,website) VALUES('CCF',LOAD_FILE('C:/Users/Public/Pictures/ccf_logo.png'),'http://www.ccf.de');
	INSERT INTO go2dhbw.firmenprofil (name,logo,website) VALUES('mApple',LOAD_FILE('C:/Users/Public/Pictures/mapple_logo.png'),'http://www.mapple.com');
	INSERT INTO go2dhbw.firmenprofil (name,logo,website) VALUES('MDPV',LOAD_FILE('C:/Users/Public/Pictures/mpdv_logo.png'),'http://www.mpdv.de');
	INSERT INTO go2dhbw.firmenprofil (name,logo,website) VALUES('KIVBF',LOAD_FILE('C:/Users/Public/Pictures/kivbf_logo.png'),'http://www.kivbf.de');
	INSERT INTO go2dhbw.firmenprofil (name,logo,website) VALUES('Gaagle',LOAD_FILE('C:/Users/Public/Pictures/gaagle_logo.png'),'http://www.gaagle.de');
	
	#Benutzer_Firmenprofil
	INSERT INTO go2dhbw.benutzer_firmenprofil (benutzer_id,firmenprofil_id) VALUES(3,1);
	INSERT INTO go2dhbw.benutzer_firmenprofil (benutzer_id,firmenprofil_id) VALUES(74,4);
	INSERT INTO go2dhbw.benutzer_firmenprofil (benutzer_id,firmenprofil_id) VALUES(75,4);
	INSERT INTO go2dhbw.benutzer_firmenprofil (benutzer_id,firmenprofil_id) VALUES(76,3);
	INSERT INTO go2dhbw.benutzer_firmenprofil (benutzer_id,firmenprofil_id) VALUES(77,6);
	INSERT INTO go2dhbw.benutzer_firmenprofil (benutzer_id,firmenprofil_id) VALUES(78,3);
	INSERT INTO go2dhbw.benutzer_firmenprofil (benutzer_id,firmenprofil_id) VALUES(79,3);
	INSERT INTO go2dhbw.benutzer_firmenprofil (benutzer_id,firmenprofil_id) VALUES(80,4);
	INSERT INTO go2dhbw.benutzer_firmenprofil (benutzer_id,firmenprofil_id) VALUES(81,5);
	INSERT INTO go2dhbw.benutzer_firmenprofil (benutzer_id,firmenprofil_id) VALUES(82,2);
	INSERT INTO go2dhbw.benutzer_firmenprofil (benutzer_id,firmenprofil_id) VALUES(83,6);
	INSERT INTO go2dhbw.benutzer_firmenprofil (benutzer_id,firmenprofil_id) VALUES(84,5);
	INSERT INTO go2dhbw.benutzer_firmenprofil (benutzer_id,firmenprofil_id) VALUES(85,4);
	INSERT INTO go2dhbw.benutzer_firmenprofil (benutzer_id,firmenprofil_id) VALUES(86,5);
	INSERT INTO go2dhbw.benutzer_firmenprofil (benutzer_id,firmenprofil_id) VALUES(87,6);
	INSERT INTO go2dhbw.benutzer_firmenprofil (benutzer_id,firmenprofil_id) VALUES(88,4);
	INSERT INTO go2dhbw.benutzer_firmenprofil (benutzer_id,firmenprofil_id) VALUES(89,2);
	INSERT INTO go2dhbw.benutzer_firmenprofil (benutzer_id,firmenprofil_id) VALUES(90,2);
	INSERT INTO go2dhbw.benutzer_firmenprofil (benutzer_id,firmenprofil_id) VALUES(91,4);
	INSERT INTO go2dhbw.benutzer_firmenprofil (benutzer_id,firmenprofil_id) VALUES(92,2);
	INSERT INTO go2dhbw.benutzer_firmenprofil (benutzer_id,firmenprofil_id) VALUES(93,3);
	INSERT INTO go2dhbw.benutzer_firmenprofil (benutzer_id,firmenprofil_id) VALUES(94,6);
	INSERT INTO go2dhbw.benutzer_firmenprofil (benutzer_id,firmenprofil_id) VALUES(95,4);
	INSERT INTO go2dhbw.benutzer_firmenprofil (benutzer_id,firmenprofil_id) VALUES(96,2);
	INSERT INTO go2dhbw.benutzer_firmenprofil (benutzer_id,firmenprofil_id) VALUES(97,4);
	INSERT INTO go2dhbw.benutzer_firmenprofil (benutzer_id,firmenprofil_id) VALUES(98,3);
	INSERT INTO go2dhbw.benutzer_firmenprofil (benutzer_id,firmenprofil_id) VALUES(99,4);
	INSERT INTO go2dhbw.benutzer_firmenprofil (benutzer_id,firmenprofil_id) VALUES(100,4);
	INSERT INTO go2dhbw.benutzer_firmenprofil (benutzer_id,firmenprofil_id) VALUES(101,4);
	INSERT INTO go2dhbw.benutzer_firmenprofil (benutzer_id,firmenprofil_id) VALUES(102,5);
	
	#Standort
	INSERT INTO go2dhbw.standort (firmenprofil_id,ansprechpartner_id,alias,strasse,ort,plz,lat,lng) VALUES (1,1,'Hauptsitz','Arnold Jansen Straße','Mosbach','74821','49.3537', '9.1343');
	INSERT INTO go2dhbw.standort (firmenprofil_id,ansprechpartner_id,alias,strasse,ort,plz,lat,lng) VALUES (2,7,'Zentrale','Sonnenallee 3','Würzburg','97070','49.7685', '9.9382');
	INSERT INTO go2dhbw.standort (firmenprofil_id,ansprechpartner_id,alias,strasse,ort,plz,lat,lng) VALUES (3,5,'Niederlassung Nord','Mapple Drive 1','Neckarsulm','74172','49.1902', '9.2192');
	INSERT INTO go2dhbw.standort (firmenprofil_id,ansprechpartner_id,alias,strasse,ort,plz,lat,lng) VALUES (4,3,'Hauptsitz','Römerring 1','Mosbach','74821','49.3537', '9.1343');
	INSERT INTO go2dhbw.standort (firmenprofil_id,ansprechpartner_id,alias,strasse,ort,plz,lat,lng) VALUES (5,15,'Am Wasserturm','Freiherr vom Baum 23','Heilbronn','74072','49.1236', '9.197');
	INSERT INTO go2dhbw.standort (firmenprofil_id,ansprechpartner_id,alias,strasse,ort,plz,lat,lng) VALUES (6,2,'Niederlassung Mitte','Gaagle Way 1','Mosbach','74821','49.3537', '9.1343');
	
	#Studienplatz
	INSERT INTO go2dhbw.studienplaetze (note_deutsch,note_englisch,note_mathe,zeugnisschnitt,studiengang_id,standort_id,anzahl) VALUES(2,3,2,2.5,2,2,2);
	INSERT INTO go2dhbw.studienplaetze (note_deutsch,note_englisch,note_mathe,zeugnisschnitt,studiengang_id,standort_id,anzahl) VALUES(3,2,3,3,1,1,3);
	INSERT INTO go2dhbw.studienplaetze (note_deutsch,note_englisch,note_mathe,zeugnisschnitt,studiengang_id,standort_id,anzahl) VALUES(2,2,2,2,3,3,1);
	INSERT INTO go2dhbw.studienplaetze (note_deutsch,note_englisch,note_mathe,zeugnisschnitt,studiengang_id,standort_id,anzahl) VALUES(3,3,3,3,4,4,1);
	INSERT INTO go2dhbw.studienplaetze (note_deutsch,note_englisch,note_mathe,zeugnisschnitt,studiengang_id,standort_id,anzahl) VALUES(2,2,2,2.5,5,5,1);
	INSERT INTO go2dhbw.studienplaetze (note_deutsch,note_englisch,note_mathe,zeugnisschnitt,studiengang_id,standort_id,anzahl) VALUES(3,3,2,2.7,6,6,4);
	
	#Bewerberprofil
	INSERT INTO go2dhbw.bewerberprofil (benutzer_id,name,geburtsjahr,telefonnummer,hobbies,zusatzqualifikationen,note_deutsch,note_englisch,note_mathe,zeugnisschnitt, plz, lat, lng)
	VALUES(4,'Christian Schneider',1992,'0123456789','Fußball, Handball','ECDL',1,1,1,1,'74821','49.3537', '9.1343');                                                                      
	INSERT INTO go2dhbw.bewerberprofil (benutzer_id,name,geburtsjahr,telefonnummer,hobbies,zusatzqualifikationen,note_deutsch,note_englisch,note_mathe,zeugnisschnitt, plz, lat, lng)
	VALUES(5,'Sabine Musterfrau',1987,'0123456789','Programmieren','-',2.3,2.2,1.2,1.9,'74847','49.3519', '9.0908');                                                                   
	INSERT INTO go2dhbw.bewerberprofil (benutzer_id,name,geburtsjahr,telefonnummer,hobbies,zusatzqualifikationen,note_deutsch,note_englisch,note_mathe,zeugnisschnitt, plz, lat, lng)
	VALUES(6,'Jessica Weber',1999,'0123456789','Kochen, Yoga, Schwimmen','Freischwimmer, Seepferdchen',2,2,1,1.6,'74847','49.3519', '9.0908');                                            
	INSERT INTO go2dhbw.bewerberprofil (benutzer_id,name,geburtsjahr,telefonnummer,hobbies,zusatzqualifikationen,note_deutsch,note_englisch,note_mathe,zeugnisschnitt, plz, lat, lng)
	VALUES(7,'Max Musterfrau',1996,'0123456789','Bodybuilding, Joggen, Federball','ECDL, SAP TERP 10',2,2,2,2,'74523','49.1067', '9.7741');                                          
	INSERT INTO go2dhbw.bewerberprofil (benutzer_id,name,geburtsjahr,telefonnummer,hobbies,zusatzqualifikationen,note_deutsch,note_englisch,note_mathe,zeugnisschnitt, plz, lat, lng)
	VALUES(8,'Phil Maier',1996,'0123456789','Tanzen','Ausbildung Sambatanz',3,3,3,3,'74523','49.1067', '9.7741');                                                                        
	INSERT INTO go2dhbw.bewerberprofil (benutzer_id,name,geburtsjahr,telefonnummer,hobbies,zusatzqualifikationen,note_deutsch,note_englisch,note_mathe,zeugnisschnitt, plz, lat, lng)
	VALUES(9,'Laura Weber',1993,'0123456789','Reiten, Paintball spielen','-',2.5,2.5,2.5,2.5,'97070','49.7685', '9.9382');                                                                   
	INSERT INTO go2dhbw.bewerberprofil (benutzer_id,name,geburtsjahr,telefonnummer,hobbies,zusatzqualifikationen,note_deutsch,note_englisch,note_mathe,zeugnisschnitt, plz, lat, lng)
	VALUES(10,'Michael Musterfrau',1992,'0123456789','Computer spielen','-',2,3,1,2,'97070','49.7685', '9.9382');                                                                             
	INSERT INTO go2dhbw.bewerberprofil (benutzer_id,name,geburtsjahr,telefonnummer,hobbies,zusatzqualifikationen,note_deutsch,note_englisch,note_mathe,zeugnisschnitt, plz, lat, lng)
	VALUES(11,'Jessica Mueller',1991,'0123456789','kochen, backen','-',3,3,2,2.6,'97070','49.7685', '9.9382');                                                                               
	INSERT INTO go2dhbw.bewerberprofil (benutzer_id,name,geburtsjahr,telefonnummer,hobbies,zusatzqualifikationen,note_deutsch,note_englisch,note_mathe,zeugnisschnitt, plz, lat, lng)
	VALUES(12,'Sophia Schmitt',1985,'0123456789','Extreme Mountanbiking','-',2,2,2,2,'74072','49.1236', '9.197');                                                                           
	INSERT INTO go2dhbw.bewerberprofil (benutzer_id,name,geburtsjahr,telefonnummer,hobbies,zusatzqualifikationen,note_deutsch,note_englisch,note_mathe,zeugnisschnitt, plz, lat, lng)
	VALUES(13,'Ramona Mustermann',1997,'0123456789','Wandern','-',1.3,3.2,4.0,2.8,'74072','49.1236', '9.197');                                                                             
	INSERT INTO go2dhbw.bewerberprofil (benutzer_id,name,geburtsjahr,telefonnummer,hobbies,zusatzqualifikationen,note_deutsch,note_englisch,note_mathe,zeugnisschnitt, plz, lat, lng)
	VALUES(14,'Daniel Maier',1992,'0123456789','Ballet tanzen','-',3,3,4,3.3,'74072','49.1236', '9.197');	
	INSERT INTO go2dhbw.bewerberprofil (benutzer_id,name,geburtsjahr,telefonnummer,hobbies,zusatzqualifikationen,note_deutsch,note_englisch,note_mathe,zeugnisschnitt, plz, lat, lng)
	VALUES(1,'Moritz Schwarz',1992,'0123456789','-','-',1,1,1,1,'74072','49.1236', '9.197');	
	
	#Mehr Lieblingsfaecher zur Auswahl
	INSERT INTO go2dhbw.lieblingsfaecher (id,bezeichnung) VALUE (4,'Biologie');
	INSERT INTO go2dhbw.lieblingsfaecher (id,bezeichnung) VALUE (5,'Informatik');
	INSERT INTO go2dhbw.lieblingsfaecher (id,bezeichnung) VALUE (6,'Sport');
	INSERT INTO go2dhbw.lieblingsfaecher (id,bezeichnung) VALUE (7,'BWL');
	INSERT INTO go2dhbw.lieblingsfaecher (id,bezeichnung) VALUE (8,'VWL');
	
	#Bewerberprofil_Lieblingsfaecher
	INSERT INTO go2dhbw.lieblingsfaecher_bewerberprofil (lieblingsfaecher_id, bewerberprofil_id) VALUES (1,1); 
	INSERT INTO go2dhbw.lieblingsfaecher_bewerberprofil (lieblingsfaecher_id, bewerberprofil_id) VALUES (2,1); 
	INSERT INTO go2dhbw.lieblingsfaecher_bewerberprofil (lieblingsfaecher_id, bewerberprofil_id) VALUES (3,1); 
	INSERT INTO go2dhbw.lieblingsfaecher_bewerberprofil (lieblingsfaecher_id, bewerberprofil_id) VALUES (4,1); 
	INSERT INTO go2dhbw.lieblingsfaecher_bewerberprofil (lieblingsfaecher_id, bewerberprofil_id) VALUES (5,2); 
	INSERT INTO go2dhbw.lieblingsfaecher_bewerberprofil (lieblingsfaecher_id, bewerberprofil_id) VALUES (6,2); 
	INSERT INTO go2dhbw.lieblingsfaecher_bewerberprofil (lieblingsfaecher_id, bewerberprofil_id) VALUES (7,3); 
	INSERT INTO go2dhbw.lieblingsfaecher_bewerberprofil (lieblingsfaecher_id, bewerberprofil_id) VALUES (8,3); 
	INSERT INTO go2dhbw.lieblingsfaecher_bewerberprofil (lieblingsfaecher_id, bewerberprofil_id) VALUES (1,4); 
	INSERT INTO go2dhbw.lieblingsfaecher_bewerberprofil (lieblingsfaecher_id, bewerberprofil_id) VALUES (2,4); 
	INSERT INTO go2dhbw.lieblingsfaecher_bewerberprofil (lieblingsfaecher_id, bewerberprofil_id) VALUES (3,5); 
	INSERT INTO go2dhbw.lieblingsfaecher_bewerberprofil (lieblingsfaecher_id, bewerberprofil_id) VALUES (4,5); 
	INSERT INTO go2dhbw.lieblingsfaecher_bewerberprofil (lieblingsfaecher_id, bewerberprofil_id) VALUES (5,6); 
	INSERT INTO go2dhbw.lieblingsfaecher_bewerberprofil (lieblingsfaecher_id, bewerberprofil_id) VALUES (6,6); 
	INSERT INTO go2dhbw.lieblingsfaecher_bewerberprofil (lieblingsfaecher_id, bewerberprofil_id) VALUES (7,7); 
	INSERT INTO go2dhbw.lieblingsfaecher_bewerberprofil (lieblingsfaecher_id, bewerberprofil_id) VALUES (8,8); 
	INSERT INTO go2dhbw.lieblingsfaecher_bewerberprofil (lieblingsfaecher_id, bewerberprofil_id) VALUES (1,9);
	INSERT INTO go2dhbw.lieblingsfaecher_bewerberprofil (lieblingsfaecher_id, bewerberprofil_id) VALUES (2,9);
	INSERT INTO go2dhbw.lieblingsfaecher_bewerberprofil (lieblingsfaecher_id, bewerberprofil_id) VALUES (3,9);
	INSERT INTO go2dhbw.lieblingsfaecher_bewerberprofil (lieblingsfaecher_id, bewerberprofil_id) VALUES (4,9);
	INSERT INTO go2dhbw.lieblingsfaecher_bewerberprofil (lieblingsfaecher_id, bewerberprofil_id) VALUES (5,10);
	INSERT INTO go2dhbw.lieblingsfaecher_bewerberprofil (lieblingsfaecher_id, bewerberprofil_id) VALUES (6,10);
	INSERT INTO go2dhbw.lieblingsfaecher_bewerberprofil (lieblingsfaecher_id, bewerberprofil_id) VALUES (7,11);
	INSERT INTO go2dhbw.lieblingsfaecher_bewerberprofil (lieblingsfaecher_id, bewerberprofil_id) VALUES (8,11);
	
	#Beweberprofil_Studiengang
	INSERT INTO go2dhbw.studiengang_bewerberprofil (studiengang_id,bewerberprofil_id) VALUES (1,1); 
	INSERT INTO go2dhbw.studiengang_bewerberprofil (studiengang_id,bewerberprofil_id) VALUES (2,1); 
	INSERT INTO go2dhbw.studiengang_bewerberprofil (studiengang_id,bewerberprofil_id) VALUES (3,1); 
	INSERT INTO go2dhbw.studiengang_bewerberprofil (studiengang_id,bewerberprofil_id) VALUES (4,1); 
	INSERT INTO go2dhbw.studiengang_bewerberprofil (studiengang_id,bewerberprofil_id) VALUES (5,2); 
	INSERT INTO go2dhbw.studiengang_bewerberprofil (studiengang_id,bewerberprofil_id) VALUES (6,2); 
	INSERT INTO go2dhbw.studiengang_bewerberprofil (studiengang_id,bewerberprofil_id) VALUES (7,3); 
	INSERT INTO go2dhbw.studiengang_bewerberprofil (studiengang_id,bewerberprofil_id) VALUES (8,3); 
	INSERT INTO go2dhbw.studiengang_bewerberprofil (studiengang_id,bewerberprofil_id) VALUES (9,4); 
	INSERT INTO go2dhbw.studiengang_bewerberprofil (studiengang_id,bewerberprofil_id) VALUES (10,4); 
	INSERT INTO go2dhbw.studiengang_bewerberprofil (studiengang_id,bewerberprofil_id) VALUES (11,5); 
	INSERT INTO go2dhbw.studiengang_bewerberprofil (studiengang_id,bewerberprofil_id) VALUES (12,5); 
	INSERT INTO go2dhbw.studiengang_bewerberprofil (studiengang_id,bewerberprofil_id) VALUES (13,6); 
	INSERT INTO go2dhbw.studiengang_bewerberprofil (studiengang_id,bewerberprofil_id) VALUES (1,6); 
	INSERT INTO go2dhbw.studiengang_bewerberprofil (studiengang_id,bewerberprofil_id) VALUES (2,7); 
	INSERT INTO go2dhbw.studiengang_bewerberprofil (studiengang_id,bewerberprofil_id) VALUES (3,8); 
	INSERT INTO go2dhbw.studiengang_bewerberprofil (studiengang_id,bewerberprofil_id) VALUES (4,9);
	INSERT INTO go2dhbw.studiengang_bewerberprofil (studiengang_id,bewerberprofil_id) VALUES (5,9);
	INSERT INTO go2dhbw.studiengang_bewerberprofil (studiengang_id,bewerberprofil_id) VALUES (6,9);
	INSERT INTO go2dhbw.studiengang_bewerberprofil (studiengang_id,bewerberprofil_id) VALUES (7,9);
	INSERT INTO go2dhbw.studiengang_bewerberprofil (studiengang_id,bewerberprofil_id) VALUES (8,10);
	INSERT INTO go2dhbw.studiengang_bewerberprofil (studiengang_id,bewerberprofil_id) VALUES (9,10);
    INSERT INTO go2dhbw.studiengang_bewerberprofil (studiengang_id,bewerberprofil_id) VALUES (10,11);
    INSERT INTO go2dhbw.studiengang_bewerberprofil (studiengang_id,bewerberprofil_id) VALUES (11,11);